price,beds,url
170000,2,https://www.rightmove.co.uk/properties/161485853#/?channel=RES_BUY
270000,3,https://www.rightmove.co.uk/properties/161486138#/?channel=RES_BUY
340000,1,https://www.rightmove.co.uk/properties/161632829#/?channel=RES_BUY
375000,2,https://www.rightmove.co.uk/properties/154016192#/?channel=RES_BUY
400000,2,https://www.rightmove.co.uk/properties/157061744#/?channel=RES_BUY
450000,2,https://www.rightmove.co.uk/properties/158468147#/?channel=RES_BUY
450000,2,https://www.rightmove.co.uk/properties/160625927#/?channel=RES_BUY
450000,3,https://www.rightmove.co.uk/properties/158013140#/?channel=RES_BUY
450000,2,https://www.rightmove.co.uk/properties/157428158#/?channel=RES_BUY
450000,3,https://www.rightmove.co.uk/properties/146638856#/?channel=RES_BUY
450000,4,https://www.rightmove.co.uk/properties/160760885#/?channel=RES_BUY
450000,4,https://www.rightmove.co.uk/properties/161199380#/?channel=RES_BUY
475000,2,https://www.rightmove.co.uk/properties/159854390#/?channel=RES_BUY
475000,3,https://www.rightmove.co.uk/properties/160947848#/?channel=RES_BUY
475000,2,https://www.rightmove.co.uk/properties/162021479#/?channel=RES_BUY
475000,3,https://www.rightmove.co.uk/properties/160952285#/?channel=RES_BUY
480000,3,https://www.rightmove.co.uk/properties/152622860#/?channel=RES_BUY
490000,2,https://www.rightmove.co.uk/properties/157396115#/?channel=RES_BUY
495000,3,https://www.rightmove.co.uk/properties/150501764#/?channel=RES_BUY
499995,3,https://www.rightmove.co.uk/properties/148290659#/?channel=RES_BUY
500000,3,https://www.rightmove.co.uk/properties/159403928#/?channel=RES_BUY
500000,3,https://www.rightmove.co.uk/properties/159951122#/?channel=RES_BUY
500000,3,https://www.rightmove.co.uk/properties/157459163#/?channel=RES_BUY
500000,3,https://www.rightmove.co.uk/properties/160019243#/?channel=RES_BUY
500000,3,https://www.rightmove.co.uk/properties/152652737#/?channel=RES_BUY
500000,2,https://www.rightmove.co.uk/properties/160557668#/?channel=RES_BUY
500000,3,https://www.rightmove.co.uk/properties/158570513#/?channel=RES_BUY
500000,2,https://www.rightmove.co.uk/properties/150526448#/?channel=RES_BUY
515000,3,https://www.rightmove.co.uk/properties/156939041#/?channel=RES_BUY
520000,3,https://www.rightmove.co.uk/properties/162060809#/?channel=RES_BUY
525000,3,https://www.rightmove.co.uk/properties/160148786#/?channel=RES_BUY
525000,3,https://www.rightmove.co.uk/properties/159598622#/?channel=RES_BUY
525000,2,https://www.rightmove.co.uk/properties/160305860#/?channel=RES_BUY
525000,3,https://www.rightmove.co.uk/properties/161818325#/?channel=RES_BUY
525000,3,https://www.rightmove.co.uk/properties/157329332#/?channel=RES_BUY
525000,3,https://www.rightmove.co.uk/properties/157341545#/?channel=RES_BUY
525000,3,https://www.rightmove.co.uk/properties/157829078#/?channel=RES_BUY
525000,2,https://www.rightmove.co.uk/properties/159845903#/?channel=RES_BUY
525000,2,https://www.rightmove.co.uk/properties/155686703#/?channel=RES_BUY
535000,3,https://www.rightmove.co.uk/properties/161008619#/?channel=RES_BUY
535000,3,https://www.rightmove.co.uk/properties/161211020#/?channel=RES_BUY
535000,3,https://www.rightmove.co.uk/properties/155803469#/?channel=RES_BUY
540000,5,https://www.rightmove.co.uk/properties/158100323#/?channel=RES_BUY
545000,3,https://www.rightmove.co.uk/properties/145718867#/?channel=RES_BUY
545000,4,https://www.rightmove.co.uk/properties/160673459#/?channel=RES_BUY
550000,3,https://www.rightmove.co.uk/properties/158209196#/?channel=RES_BUY
550000,3,https://www.rightmove.co.uk/properties/160078139#/?channel=RES_BUY
550000,3,https://www.rightmove.co.uk/properties/159386597#/?channel=RES_BUY
550000,3,https://www.rightmove.co.uk/properties/160804181#/?channel=RES_BUY
550000,3,https://www.rightmove.co.uk/properties/157291931#/?channel=RES_BUY
550000,4,https://www.rightmove.co.uk/properties/160084043#/?channel=RES_BUY
550000,2,https://www.rightmove.co.uk/properties/158732381#/?channel=RES_BUY
550000,3,https://www.rightmove.co.uk/properties/159653489#/?channel=RES_BUY
550000,3,https://www.rightmove.co.uk/properties/160822694#/?channel=RES_BUY
550000,3,https://www.rightmove.co.uk/properties/157738811#/?channel=RES_BUY
560000,3,https://www.rightmove.co.uk/properties/147379313#/?channel=RES_BUY
575000,3,https://www.rightmove.co.uk/properties/158917217#/?channel=RES_BUY
575000,3,https://www.rightmove.co.uk/properties/161539127#/?channel=RES_BUY
575000,4,https://www.rightmove.co.uk/properties/161135978#/?channel=RES_BUY
575000,3,https://www.rightmove.co.uk/properties/161533133#/?channel=RES_BUY
575000,3,https://www.rightmove.co.uk/properties/159372680#/?channel=RES_BUY
575000,3,https://www.rightmove.co.uk/properties/161150684#/?channel=RES_BUY
575000,3,https://www.rightmove.co.uk/properties/161649659#/?channel=RES_BUY
585000,3,https://www.rightmove.co.uk/properties/159008744#/?channel=RES_BUY
585000,3,https://www.rightmove.co.uk/properties/148440638#/?channel=RES_BUY
599995,3,https://www.rightmove.co.uk/properties/162044393#/?channel=RES_BUY
600000,3,https://www.rightmove.co.uk/properties/161869025#/?channel=RES_BUY
600000,3,https://www.rightmove.co.uk/properties/157624337#/?channel=RES_BUY
600000,3,https://www.rightmove.co.uk/properties/161660819#/?channel=RES_BUY
600000,3,https://www.rightmove.co.uk/properties/161383961#/?channel=RES_BUY
600000,4,https://www.rightmove.co.uk/properties/157213058#/?channel=RES_BUY
600000,4,https://www.rightmove.co.uk/properties/157711724#/?channel=RES_BUY
600000,2,https://www.rightmove.co.uk/properties/159621413#/?channel=RES_BUY
600000,4,https://www.rightmove.co.uk/properties/157120763#/?channel=RES_BUY
600000,4,https://www.rightmove.co.uk/properties/160514492#/?channel=RES_BUY
600000,4,https://www.rightmove.co.uk/properties/159562901#/?channel=RES_BUY
610000,5,https://www.rightmove.co.uk/properties/153198797#/?channel=RES_BUY
625000,3,https://www.rightmove.co.uk/properties/160635791#/?channel=RES_BUY
625000,3,https://www.rightmove.co.uk/properties/157001207#/?channel=RES_BUY
625000,4,https://www.rightmove.co.uk/properties/160495949#/?channel=RES_BUY
625000,3,https://www.rightmove.co.uk/properties/160472054#/?channel=RES_BUY
625000,4,https://www.rightmove.co.uk/properties/157692035#/?channel=RES_BUY
625000,4,https://www.rightmove.co.uk/properties/159195776#/?channel=RES_BUY
625000,5,https://www.rightmove.co.uk/properties/159229334#/?channel=RES_BUY
625000,3,https://www.rightmove.co.uk/properties/155793758#/?channel=RES_BUY
625000,4,https://www.rightmove.co.uk/properties/160980833#/?channel=RES_BUY
625000,4,https://www.rightmove.co.uk/properties/152634266#/?channel=RES_BUY
625000,3,https://www.rightmove.co.uk/properties/157482344#/?channel=RES_BUY
650000,3,https://www.rightmove.co.uk/properties/161649383#/?channel=RES_BUY
650000,4,https://www.rightmove.co.uk/properties/157723001#/?channel=RES_BUY
650000,3,https://www.rightmove.co.uk/properties/161354498#/?channel=RES_BUY
650000,4,https://www.rightmove.co.uk/properties/162068414#/?channel=RES_BUY
650000,3,https://www.rightmove.co.uk/properties/162003581#/?channel=RES_BUY
650000,5,https://www.rightmove.co.uk/properties/151480877#/?channel=RES_BUY
650000,2,https://www.rightmove.co.uk/properties/160748579#/?channel=RES_BUY
650000,4,https://www.rightmove.co.uk/properties/153731510#/?channel=RES_BUY
665000,3,https://www.rightmove.co.uk/properties/161263907#/?channel=RES_BUY
675000,3,https://www.rightmove.co.uk/properties/159935798#/?channel=RES_BUY
675000,4,https://www.rightmove.co.uk/properties/160207841#/?channel=RES_BUY
675000,3,https://www.rightmove.co.uk/properties/157609253#/?channel=RES_BUY
675000,5,https://www.rightmove.co.uk/properties/160085843#/?channel=RES_BUY
675000,3,https://www.rightmove.co.uk/properties/159651323#/?channel=RES_BUY
675000,4,https://www.rightmove.co.uk/properties/142634924#/?channel=RES_BUY
675000,4,https://www.rightmove.co.uk/properties/161350514#/?channel=RES_BUY
675000,5,https://www.rightmove.co.uk/properties/158929802#/?channel=RES_BUY
680000,3,https://www.rightmove.co.uk/properties/153252155#/?channel=RES_BUY
685000,3,https://www.rightmove.co.uk/properties/161881928#/?channel=RES_BUY
695000,3,https://www.rightmove.co.uk/properties/152645420#/?channel=RES_BUY
699000,3,https://www.rightmove.co.uk/properties/160683530#/?channel=RES_BUY
699000,3,https://www.rightmove.co.uk/properties/160683521#/?channel=RES_BUY
699995,4,https://www.rightmove.co.uk/properties/154013834#/?channel=RES_BUY
700000,4,https://www.rightmove.co.uk/properties/161806886#/?channel=RES_BUY
700000,3,https://www.rightmove.co.uk/properties/161109191#/?channel=RES_BUY
700000,4,https://www.rightmove.co.uk/properties/160817015#/?channel=RES_BUY
700000,4,https://www.rightmove.co.uk/properties/159494087#/?channel=RES_BUY
700000,5,https://www.rightmove.co.uk/properties/145375931#/?channel=RES_BUY
700000,5,https://www.rightmove.co.uk/properties/159592511#/?channel=RES_BUY
700000,4,https://www.rightmove.co.uk/properties/159990938#/?channel=RES_BUY
700000,4,https://www.rightmove.co.uk/properties/150729974#/?channel=RES_BUY
700000,3,https://www.rightmove.co.uk/properties/161125484#/?channel=RES_BUY
700000,3,https://www.rightmove.co.uk/properties/161728097#/?channel=RES_BUY
700000,3,https://www.rightmove.co.uk/properties/161150891#/?channel=RES_BUY
700000,2,https://www.rightmove.co.uk/properties/160279895#/?channel=RES_BUY
700000,4,https://www.rightmove.co.uk/properties/158058098#/?channel=RES_BUY
700000,4,https://www.rightmove.co.uk/properties/157853111#/?channel=RES_BUY
725000,3,https://www.rightmove.co.uk/properties/161551328#/?channel=RES_BUY
725000,4,https://www.rightmove.co.uk/properties/156813455#/?channel=RES_BUY
730000,4,https://www.rightmove.co.uk/properties/161086163#/?channel=RES_BUY
734950,4,https://www.rightmove.co.uk/properties/159935774#/?channel=RES_BUY
734950,4,https://www.rightmove.co.uk/properties/161318264#/?channel=RES_BUY
740000,3,https://www.rightmove.co.uk/properties/156906062#/?channel=RES_BUY
749000,4,https://www.rightmove.co.uk/properties/148810418#/?channel=RES_BUY
749000,4,https://www.rightmove.co.uk/properties/158727155#/?channel=RES_BUY
749000,4,https://www.rightmove.co.uk/properties/158407442#/?channel=RES_BUY
749000,4,https://www.rightmove.co.uk/properties/148799495#/?channel=RES_BUY
750000,3,https://www.rightmove.co.uk/properties/159620969#/?channel=RES_BUY
750000,5,https://www.rightmove.co.uk/properties/158714723#/?channel=RES_BUY
750000,4,https://www.rightmove.co.uk/properties/148283378#/?channel=RES_BUY
750000,2,https://www.rightmove.co.uk/properties/162003548#/?channel=RES_BUY
750000,3,https://www.rightmove.co.uk/properties/161662577#/?channel=RES_BUY
775000,2,https://www.rightmove.co.uk/properties/160533995#/?channel=RES_BUY
775000,3,https://www.rightmove.co.uk/properties/159169550#/?channel=RES_BUY
775000,4,https://www.rightmove.co.uk/properties/160074248#/?channel=RES_BUY
795000,3,https://www.rightmove.co.uk/properties/161130182#/?channel=RES_BUY
800000,4,https://www.rightmove.co.uk/properties/162089072#/?channel=RES_BUY
800000,3,https://www.rightmove.co.uk/properties/161803454#/?channel=RES_BUY
800000,4,https://www.rightmove.co.uk/properties/161124164#/?channel=RES_BUY
800000,4,https://www.rightmove.co.uk/properties/157933481#/?channel=RES_BUY
800000,3,https://www.rightmove.co.uk/properties/160907138#/?channel=RES_BUY
800000,5,https://www.rightmove.co.uk/properties/158219855#/?channel=RES_BUY
800000,4,https://www.rightmove.co.uk/properties/161460887#/?channel=RES_BUY
800000,4,https://www.rightmove.co.uk/properties/160399574#/?channel=RES_BUY
800000,4,https://www.rightmove.co.uk/properties/160399586#/?channel=RES_BUY
800000,5,https://www.rightmove.co.uk/properties/161109002#/?channel=RES_BUY
808500,5,https://www.rightmove.co.uk/properties/145540724#/?channel=RES_BUY
825000,4,https://www.rightmove.co.uk/properties/161997278#/?channel=RES_BUY
825000,4,https://www.rightmove.co.uk/properties/160987823#/?channel=RES_BUY
850000,2,https://www.rightmove.co.uk/properties/159935801#/?channel=RES_BUY
850000,4,https://www.rightmove.co.uk/properties/160728641#/?channel=RES_BUY
850000,6,https://www.rightmove.co.uk/properties/161892440#/?channel=RES_BUY
850000,4,https://www.rightmove.co.uk/properties/159703856#/?channel=RES_BUY
850000,4,https://www.rightmove.co.uk/properties/161671904#/?channel=RES_BUY
850000,4,https://www.rightmove.co.uk/properties/161490779#/?channel=RES_BUY
850000,4,https://www.rightmove.co.uk/properties/161423717#/?channel=RES_BUY
850000,3,https://www.rightmove.co.uk/properties/161424434#/?channel=RES_BUY
880000,5,https://www.rightmove.co.uk/properties/157217774#/?channel=RES_BUY
895000,3,https://www.rightmove.co.uk/properties/160251473#/?channel=RES_BUY
899950,4,https://www.rightmove.co.uk/properties/152319212#/?channel=RES_BUY
900000,3,https://www.rightmove.co.uk/properties/162021752#/?channel=RES_BUY
900000,6,https://www.rightmove.co.uk/properties/158506502#/?channel=RES_BUY
925000,6,https://www.rightmove.co.uk/properties/161433761#/?channel=RES_BUY
925000,4,https://www.rightmove.co.uk/properties/161650670#/?channel=RES_BUY
940000,4,https://www.rightmove.co.uk/properties/159717497#/?channel=RES_BUY
940000,4,https://www.rightmove.co.uk/properties/158482652#/?channel=RES_BUY
940000,4,https://www.rightmove.co.uk/properties/161841512#/?channel=RES_BUY
950000,4,https://www.rightmove.co.uk/properties/157665521#/?channel=RES_BUY
950000,4,https://www.rightmove.co.uk/properties/159935816#/?channel=RES_BUY
950000,4,https://www.rightmove.co.uk/properties/160491656#/?channel=RES_BUY
950000,5,https://www.rightmove.co.uk/properties/160737494#/?channel=RES_BUY
950000,4,https://www.rightmove.co.uk/properties/162087170#/?channel=RES_BUY
950000,4,https://www.rightmove.co.uk/properties/157686542#/?channel=RES_BUY
1100000,5,https://www.rightmove.co.uk/properties/155584046#/?channel=RES_BUY
1100000,5,https://www.rightmove.co.uk/properties/153586436#/?channel=RES_BUY
1175000,4,https://www.rightmove.co.uk/properties/157210958#/?channel=RES_BUY
1175000,5,https://www.rightmove.co.uk/properties/158657831#/?channel=RES_BUY
1200000,6,https://www.rightmove.co.uk/properties/152439881#/?channel=RES_BUY
1250000,4,https://www.rightmove.co.uk/properties/161691965#/?channel=RES_BUY
1250000,5,https://www.rightmove.co.uk/properties/87142665#/?channel=RES_BUY
1250000,5,https://www.rightmove.co.uk/properties/155381216#/?channel=RES_BUY
1295000,5,https://www.rightmove.co.uk/properties/160254365#/?channel=RES_BUY
1400000,6,https://www.rightmove.co.uk/properties/141131774#/?channel=RES_BUY
1400000,7,https://www.rightmove.co.uk/properties/158336678#/?channel=RES_BUY
1400000,7,https://www.rightmove.co.uk/properties/158264987#/?channel=RES_BUY
1650000,4,https://www.rightmove.co.uk/properties/158709716#/?channel=RES_BUY
1699000,5,https://www.rightmove.co.uk/properties/146630009#/?channel=RES_BUY
1795000,5,https://www.rightmove.co.uk/properties/159709703#/?channel=RES_BUY
